external_gene_name	E11	E12	E13	E14	E15	E16	E18	P0	Adult
ABRACL	74.725	129.945	181.43	235.07	192.825	177.835	182.63	83.8	28.585
ACOT1	10.344999999999999	25.115000000000002	28.545	34.260000000000005	51.834999999999994	50.150000000000006	55.56999999999999	77.345	8.5
ACOT10	0.04	0.07500000000000001	0.07	0.18	0.225	0.185	0.245	0.25	0.085
ACOT11	1.095	1.335	1.16	0.66	0.865	0.91	1.0050000000000001	0.8400000000000001	9.185
ACOT12	0.05	0.01	0.045	0.005	0.0	0.01	0.0	0.18000000000000002	0.34500000000000003
ACOT13	33.075	47.675	47.075	53.650000000000006	56.84	49.17	50.239999999999995	64.14	126.625
ACOT2	8.21	9.575	8.780000000000001	8.425	3.935	9.44	6.835000000000001	14.965	2.33
AHR	0.85	1.51	1.425	0.525	1.125	1.355	1.3900000000000001	1.455	3.59
AHRR	0.83	1.15	1.415	0.6699999999999999	0.735	0.875	0.97	0.61	0.275
AIRE	0.16499999999999998	0.095	0.13	0.11	0.09	0.12	0.07	0.185	0.12
ALX1	37.84	29.05	21.35	2.805	0.8500000000000001	0.40499999999999997	0.8500000000000001	0.57	0.07
AP2A1	37.605000000000004	71.11	73.14500000000001	68.195	73.99000000000001	84.43	85.98500000000001	87.66	78.44
AP2A2	54.085	80.33	85.74000000000001	68.89	64.88499999999999	84.68	85.38	82.05000000000001	42.585
AP2B1	36.2	86.37	84.595	69.42500000000001	103.11	87.91499999999999	111.685	79.08	72.125
AREL1	10.105	21.439999999999998	22.825	20.225	28.9	29.05	34.295	25.18	35.76
ARNT	17.125	21.58	26.295	21.96	9.040000000000001	21.255	16.085	5.05	18.615000000000002
ARNT2	13.28	31.865000000000002	52.18	40.22	35.465	46.91	46.019999999999996	44.55	54.29
ARNTL	4.15	7.32	7.8149999999999995	7.49	10.629999999999999	12.219999999999999	12.635	14.99	14.84
ARNTL2	0.6799999999999999	0.6699999999999999	0.535	0.97	0.48	1.6600000000000001	1.265	2.565	3.615
ASCL1	8.925	51.78	56.84	27.445	23.365000000000002	20.735	18.78	4.35	1.48
ASCL2	0.195	0.24	0.175	0.095	0.225	0.27	0.265	0.395	0.1
ATF1	23.02	35.4	28.439999999999998	22.355	9.504999999999999	16.92	13.190000000000001	5.91	9.005
ATF2	44.55	74.63499999999999	81.07	82.75999999999999	61.675	90.6	90.515	52.474999999999994	76.445
ATF3	1.705	1.755	1.085	1.02	1.0350000000000001	1.07	0.98	1.075	0.78
ATF4	67.61	110.875	110.615	109.83500000000001	114.70500000000001	101.33000000000001	110.85	89.91499999999999	90.955
ATF7	9.585	11.965	18.11	17.23	11.54	20.125	17.98	7.775	13.344999999999999
ATF7IP	22.015	43.900000000000006	47.18	37.825	26.115000000000002	34.605000000000004	35.35	13.955	15.645
ATF7IP2	0.925	1.515	0.635	0.24	0.245	0.14	0.12	0.165	0.075
ATOH1	0.01	0.060000000000000005	0.04	0.03	0.11	0.11499999999999999	0.23	0.02	0.0
BACH1	6.165	14.67	15.82	17.740000000000002	17.455	18.735	19.405	10.225000000000001	4.505
BACH2	3.895	13.165	20.5	23.634999999999998	19.805	28.11	24.630000000000003	10.605	2.115
BACH2OS	0.2	0.4	0.955	0.72	0.105	0.545	0.27999999999999997	0.08	0.74
BARX1	0.5449999999999999	0.9650000000000001	1.2650000000000001	0.0	0.035	0.02	0.045	0.025	0.0
BARX2	0.02	0.060000000000000005	0.015	0.035	0.20500000000000002	0.15	0.075	0.16	2.095
BASP1	17.84	127.125	159.575	132.39999999999998	134.255	273.39	154.395	425.525	256.96000000000004
BATF	0.71	1.08	0.815	0.375	1.0150000000000001	0.44000000000000006	0.92	0.8200000000000001	0.06
BATF2	0.01	0.015	0.05	0.03	0.075	0.055	0.075	0.055	0.075
BATF3	4.8149999999999995	4.795	2.9749999999999996	1.965	1.44	1.465	1.08	1.0699999999999998	0.85
BCL6	0.1	0.14500000000000002	0.33	0.685	1.2650000000000001	1.7349999999999999	1.795	0.685	9.775
BCL6B	2.515	4.515	4.765000000000001	3.77	4.42	4.845000000000001	5.975	3.885	0.565
BFSP1	0.41	0.855	0.9550000000000001	0.45499999999999996	0.47	0.715	0.515	1.37	0.22
BFSP2	0.375	0.9500000000000001	2.3600000000000003	1.825	1.345	1.75	1.19	1.83	3.93
BMYC	41.265	55.459999999999994	67.26	70.805	82.22	95.41499999999999	90.57499999999999	165.345	34.015
BRCA1	14.615	23.9	20.185000000000002	9.74	6.734999999999999	5.25	6.119999999999999	1.27	0.5449999999999999
BTAF1	10.46	17.810000000000002	16.16	9.149999999999999	10.335	8.485	10.715	2.325	13.745000000000001
CARHSP1	76.23	46.91	165.62	167.59	75.505	158.22	112.725	117.785	17.69
CASP1	0.155	0.6699999999999999	0.31	0.54	1.0050000000000001	0.495	0.8900000000000001	1.4449999999999998	2.985
CASP12	0.0	0.0	0.01	0.075	0.375	0.165	0.405	0.845	1.7149999999999999
CASP14	0.01	0.0	0.0	0.0	0.0	0.01	0.045	0.01	0.0
CASP2	44.465	60.55	63.5	56.875	53.13	51.275000000000006	58.025000000000006	19.44	5.535
CASP3	74.13	113.065	149.925	177.31	206.39	228.91000000000003	250.14999999999998	239.39	8.285
CASP4	0.02	0.085	0.26	0.20500000000000002	0.265	0.23	0.22499999999999998	0.46	0.51
CASP7	6.73	11.805	12.510000000000002	10.925	11.325	10.155000000000001	11.905000000000001	19.695	1.415
CATSPERG1	0.22	0.22000000000000003	0.6950000000000001	1.0150000000000001	1.0699999999999998	1.71	1.325	1.29	0.39
CATSPERG2	0.015	0.025	0.035	0.065	0.07500000000000001	0.08	0.05500000000000001	0.03	0.0
CCNDBP1	17.295	31.85	38.225	51.230000000000004	68.16	65.91	67.44999999999999	70.87	44.44
CDC5L	33.695	65.425	60.955	55.285	62.199999999999996	50.224999999999994	59.94499999999999	37.925	30.205000000000002
CDX1	0.075	0.05	0.03	0.0	0.0	0.0	0.0	0.035	0.0
CDX2	0.0	0.0	0.0	0.02	0.0	0.0	0.0	0.0	0.0
CEBPA	0.14500000000000002	0.52	0.6699999999999999	0.22000000000000003	0.37	0.51	0.275	0.7250000000000001	2.0700000000000003
CEBPB	0.2	1.685	1.0150000000000001	0.11	0.20500000000000002	1.395	0.395	3.6950000000000003	1.68
CEBPD	1.41	3.11	3.375	2.54	5.1850000000000005	4.275	5.735	7.835	1.385
CEBPE	0.01	0.02	0.065	0.02	0.025	0.02	0.025	0.0	0.0
CEBPG	24.490000000000002	38.535	51.730000000000004	48.305	34.05	42.605	39.95	9.535	16.805
CEBPZ	13.559999999999999	23.745	21.55	18.03	20.3	16.84	20.36	14.455	17.615000000000002
CEBPZOS	58.55	87.235	91.36500000000001	102.89	98.67500000000001	86.06	93.945	116.57	49.425
CELF1	86.14500000000001	93.58000000000001	145.885	111.29499999999999	66.00999999999999	107.63	90.445	52.065	48.36
CELF2	31.18	94.185	136.97	187.545	183.63	273.655	236.645	132.675	96.51
CELF3	4.335	25.439999999999998	37.94	51.185	63.345	51.315	56.47	41.95	25.115000000000002
CELF5	2.335	11.440000000000001	32.43	43.8	52.83	63.05	60.675	54.97	50.935
CEP63	19.64	27.48	35.504999999999995	32.745	23.15	28.375	26.165	21.415	12.675
CFAP53	0.075	0.245	0.39	1.085	0.635	0.295	0.505	0.89	0.79
CFAP73	0.015	0.04	0.14500000000000002	0.325	0.32	0.72	0.435	0.8200000000000001	0.065
CHIC1	2.23	5.37	6.665	5.640000000000001	3.29	5.4350000000000005	4.575	2.035	14.585
CLASP1	35.769999999999996	66.045	79.60499999999999	72.06	53.214999999999996	73.28999999999999	67.625	29.15	28.075
CLASP2	12.364999999999998	31.365000000000002	50.980000000000004	58.545	77.015	85.445	95.22	59.925	86.18
CLOCK	2.31	5.715	5.74	3.8200000000000003	5.355	4.135	5.53	2.275	25.325
CREB1	27.205	49.415	57.78	37.745000000000005	51.334999999999994	38.28	54.515	10.975000000000001	20.17
CRELD1	17.41	30.915	33.94	39.535	36.655	54.120000000000005	47.620000000000005	41.915	31.86
CRELD2	54.385000000000005	67.08500000000001	52.71	52.394999999999996	55.425	48.955	52.3	35.739999999999995	9.014999999999999
CREM	8.305	14.69	13.350000000000001	14.46	16.825	13.425	16.68	14.71	36.7
CRISP1	0.0	0.035	0.0	0.0	0.0	0.0	0.0	0.0	0.055
CRISP2	0.0	0.0	0.0	0.0	0.0	0.0	0.0	0.0	0.16
CRISP3	0.0	0.0	0.0	0.0	0.0	0.0	0.0	0.0	0.0
CRISP4	0.0	0.0	0.0	0.0	0.0	0.02	0.0	0.07500000000000001	0.0
CRX	0.095	0.015	0.0	0.0	0.035	0.37	0.035	0.12000000000000001	0.095
CRXOS	0.035	0.0	0.0	0.01	0.0	0.135	0.0	0.055	0.0
CSTF1	30.5	41.485	36.475	30.634999999999998	31.395	27.205	28.205	24.240000000000002	7.325
CTBP1	200.15	378.40999999999997	362.895	330.125	356.18	362.935	363.25	253.565	66.43
CTBP2	70.03	113.87	112.37	87.015	75.685	69.315	72.86500000000001	28.645	12.004999999999999
CTCF	79.37	107.275	133.505	138.235	84.08	122.755	103.695	64.335	36.14
CTCFL	0.03	0.045	0.055	0.08	0.015	0.025	0.02	0.030000000000000002	0.0
CTCFLOS	0.0	0.0	0.0	0.0	0.0	0.0	0.0	0.0	0.0
CTDSP1	20.73	36.735	27.439999999999998	20.935000000000002	17.825	18.11	17.005	9.15	8.33
CTDSP2	23.065	48.379999999999995	40.715	24.369999999999997	27.245	21.799999999999997	24.555	11.54	19.705
CUX1	57.75	125.23	132.43	116.67	85.9	119.12	108.185	71.36	24.035
CUX2	3.195	9.754999999999999	11.32	14.325	19.72	27.295	28.155	12.965	13.02
CXXC1	42.019999999999996	42.535	64.335	57.95	41.67	62.08	54.375	35.415000000000006	12.11
DBP	1.5	2.52	3.12	2.165	3.09	3.145	3.3200000000000003	5.615	33.27
DBPHT2	0.33499999999999996	1.28	0.82	4.175	7.734999999999999	9.809999999999999	12.344999999999999	19.405	20.115
DDIT3	8.510000000000002	18.22	18.96	21.16	23.765	24.62	23.38	16.83	24.085
DGCR2	56.66	86.42	82.405	76.44	69.925	81.98	84.475	69.075	23.745
DGCR6	91.32	112.61500000000001	124.15	138.615	146.12	139.93	132.27499999999998	148.62	38.370000000000005
DGCR8	27.36	41.065	35.455	34.685	24.375	33.295	29.810000000000002	18.28	13.530000000000001
DISP1	5.255	8.92	8.8	6.09	4.055	4.695	4.8100000000000005	4.97	1.58
DISP2	0.595	4.505	10.52	12.04	17.4	20.535	21.689999999999998	27.485	57.125
DISP3	0.915	2.0700000000000003	4.005	5.3100000000000005	7.05	10.675	9.055	4.37	4.205
DLX2	9.059999999999999	53.325	90.35	64.065	40.495000000000005	55.995000000000005	42.96	35.315	1.24
DLX3	1.935	1.11	0.885	0.09	0.04	0.025	0.14	0.015	0.02
DLX5	9.76	36.605000000000004	69.82	72.715	55.875	68.2	64.135	41.705	2.61
DMRT1	0.30500000000000005	0.7849999999999999	1.03	0.45999999999999996	0.10500000000000001	0.12	0.08	0.01	0.015
DMRTB1	0.965	5.33	24.009999999999998	29.744999999999997	23.07	16.155	13.834999999999999	15.055	0.445
DMTF1	31.95	58.575	63.739999999999995	54.68	57.795	56.305	63.155	24.71	48.805
DUSP1	12.620000000000001	29.04	35.875	33.065	52.379999999999995	39.935	45.19	31.57	21.6
DUSP10	2.88	8.265	8.899999999999999	7.615	5.645	4.6850000000000005	4.515000000000001	3.545	2.845
DUSP11	17.4	37.33	35.565	27.83	28.634999999999998	31.365000000000002	31.494999999999997	18.695	42.21
DUSP12	17.515	23.055	25.72	24.615000000000002	32.44	30.27	30.935000000000002	32.945	16.18
DUSP13	0.045	0.03	0.045	0.13	0.035	0.06	0.035	0.14500000000000002	0.05
DUSP14	6.67	12.15	16.725	25.475	33.19	26.85	26.86	17.395	51.14
DUSP15	0.375	0.7050000000000001	0.98	2.74	5.45	5.9	5.3100000000000005	11.690000000000001	8.815
DUSP16	8.719999999999999	19.73	16.655	11.135	7.140000000000001	7.12	7.49	1.79	4.96
DUSP18	10.295	18.005	23.67	26.439999999999998	26.985	30.18	32.875	22.630000000000003	6.859999999999999
DUSP19	8.285	14.79	15.165	13.735	16.25	14.555	15.34	8.545	16.979999999999997
DUSP2	2.09	3.62	3.615	2.7649999999999997	5.495	6.244999999999999	5.98	16.725	0.535
DUSP21	0.0	0.0	0.0	0.0	0.0	0.0	0.0	0.0	0.0
DUSP22	11.165	14.655000000000001	12.81	8.69	11.165	14.79	13.28	18.485	18.45
DUSP23	4.66	6.38	4.415	4.55	5.6	5.32	5.26	7.1850000000000005	2.325
DUSP26	3.9	18.17	31.02	40.510000000000005	61.24	54.540000000000006	57.7	100.21000000000001	47.025000000000006
DUSP27	0.905	1.555	1.35	0.61	0.69	0.76	0.9450000000000001	0.4	0.105
DUSP28	7.904999999999999	13.885000000000002	12.055	14.17	10.49	11.555	10.02	19.64	15.12
DUSP3	6.695	8.725000000000001	7.755000000000001	7.15	9.51	9.96	10.594999999999999	23.854999999999997	72.235
DUSP4	8.34	25.725	66.28999999999999	55.435	33.79	61.035	48.045	24.755	4.98
DUSP5	4.955	3.5549999999999997	2.4450000000000003	1.3599999999999999	1.8	2.435	1.965	3.8	5.2749999999999995
DUSP7	9.955	21.685000000000002	11.785	6.65	9.18	8.185	8.25	14.18	25.415
E2F1	15.36	14.375	26.1	18.14	3.575	12.34	6.075	4.1049999999999995	4.3549999999999995
E2F2	5.880000000000001	7.775	11.56	8.754999999999999	4.234999999999999	4.7	3.58	0.96	0.175
E2F3	14.315000000000001	18.759999999999998	19.83	10.155	5.76	7.77	6.08	2.8600000000000003	11.815000000000001
E2F4	73.09	97.715	61.735	45.795	42.005	35.19	39.61	25.29	10.36
E2F5	40.735	63.010000000000005	50.035	38.129999999999995	34.25	30.42	32.46	17.605	10.845
E2F6	31.53	57.565	52.925	34.08	25.875	22.924999999999997	22.79	9.31	21.744999999999997
E2F7	24.035	36.495000000000005	30.990000000000002	18.48	7.199999999999999	11.3	10.035	2.375	0.08
E4F1	11.975000000000001	15.375	21.735	22.915	6.834999999999999	27.33	15.989999999999998	10.585	6.915
EGR1	1.4	1.81	1.7650000000000001	1.17	1.275	1.935	2.29	21.66	108.625
EGR2	0.065	0.135	0.235	0.075	0.08499999999999999	0.24	0.205	0.9550000000000001	5.09
EGR3	0.0	0.26	0.275	0.385	0.325	0.8049999999999999	0.935	1.94	30.4
EGR4	0.005	0.0	0.0	0.0	0.02	0.03	0.045	1.6549999999999998	7.035
EHBP1	6.095000000000001	12.11	15.3	13.375	15.465	15.555	17.335	8.5	19.235
EHBP1L1	3.39	3.81	4.125	4.04	4.495	7.015000000000001	6.01	23.41	4.155
EHF	0.0	0.045	0.39	0.060000000000000005	0.08	0.11000000000000001	0.185	0.13	0.14
ELF1	2.175	6.29	5.725	3.37	2.57	3.865	3.2249999999999996	2.955	3.73
ELF2	23.175	37.14	35.67	47.39	35.519999999999996	44.385000000000005	38.285	23.36	14.24
ELF3	1.97	0.7150000000000001	1.06	0.23	0.11	0.295	0.28500000000000003	0.21500000000000002	0.0
ELF5	0.025	0.09	0.495	0.01	0.0	0.0	0.07	0.065	0.715
ELK1	6.984999999999999	7.885	16.77	16.61	9.865	20.665	15.52	22.505	23.175
ELK3	6.550000000000001	9.365	9.309999999999999	5.115	6.37	5.085	7.03	3.935	3.025
ELK4	6.96	15.785	14.965	10.775	13.17	10.89	11.91	6.79	6.635
EPAS1	1.045	5.5	2.4699999999999998	2.6799999999999997	5.285	3.31	4.65	4.705	26.38
ERG	1.12	1.545	2.4299999999999997	1.2650000000000001	0.74	1.4	1.085	1.185	2.31
ERG28	64.96000000000001	83.12	83.62	83.05000000000001	87.38499999999999	82.02	88.38499999999999	100.22	58.81
ERGIC1	57.760000000000005	99.39	73.92	74.47999999999999	97.39	68.775	86.66	78.455	45.275
ERGIC2	100.005	146.325	162.625	152.2	152.64	138.14	156.10500000000002	131.675	80.935
ERGIC3	108.13499999999999	150.96499999999997	164.26	234.99	358.24	294.445	318.85	392.74	89.77000000000001
ESP1	0.0	0.0	0.0	0.0	0.0	0.0	0.0	0.0	0.0
ESP15	0.0	0.065	0.0	0.0	0.0	0.0	0.0	0.0	0.0
ESP16	0.0	0.0	0.0	0.0	0.0	0.0	0.0	0.0	0.0
ESP18	0.0	0.0	0.0	0.0	0.0	0.0	0.0	0.0	0.0
ESP23	0.0	0.0	0.0	0.0	0.0	0.0	0.0	0.0	0.0
ESP24	0.0	0.0	0.0	0.0	0.0	0.0	0.0	0.0	0.0
ESP3	0.0	0.0	0.0	0.0	0.0	0.0	0.0	0.0	0.0
ESP31	0.0	0.0	0.0	0.0	0.0	0.0	0.0	0.0	0.0
ESP34	0.0	0.0	0.0	0.0	0.0	0.0	0.0	0.0	0.0
ESP36	0.0	0.0	0.0	0.0	0.0	0.0	0.0	0.0	0.0
ESP38	0.0	0.0	0.0	0.0	0.0	0.0	0.0	0.0	0.0
ESP4	0.0	0.0	0.0	0.0	0.0	0.0	0.0	0.04	0.0
ESR1	0.0	0.055	0.035	0.035	0.16499999999999998	0.16	0.185	0.87	1.34
ESR2	0.155	0.15	0.08	0.07	0.07	0.18	0.1	0.245	0.175
ETS1	15.08	16.26	17.835	13.605	13.754999999999999	16.215	18.835	9.34	3.075
ETS2	8.425	12.54	13.465	8.33	9.445	12.91	13.26	14.315000000000001	19.045
ETV2	0.09	0.025	0.025	0.0	0.0	0.0	0.0	0.0	0.0
ETV4	6.85	7.135	4.805	2.38	3.34	4.92	4.395	13.870000000000001	5.159999999999999
ETV5	21.905	21.225	19.105	12.29	16.305	21.485	23.775	25.935	35.335
ETV6	8.74	15.549999999999999	12.68	6.505	5.055	4.89	4.98	2.6799999999999997	5.01
FEV	0.035	0.0	0.02	0.0	0.08	0.19	0.08	0.0	0.195
FLI1	12.735	11.469999999999999	7.9399999999999995	5.82	4.9350000000000005	5.095000000000001	5.93	5.32	1.915
FOS	0.41000000000000003	0.645	0.8	0.94	1.12	1.585	1.625	7.995	18.975
FOSB	0.01	0.005	0.035	0.01	0.045	0.055	0.08499999999999999	0.255	3.095
FOSL1	0.245	0.28	0.79	0.6699999999999999	0.19	1.25	0.7250000000000001	0.8250000000000001	0.03
FOSL2	0.185	0.575	0.595	0.515	1.9449999999999998	2.295	2.79	3.105	7.359999999999999
FOXA1	0.21000000000000002	1.435	0.775	0.6	0.5800000000000001	0.125	0.34	0.245	0.20500000000000002
FOXA2	0.22999999999999998	0.325	0.39	0.135	0.21	0.03	0.20500000000000002	0.245	0.175
FOXA3	0.015	0.01	0.055	0.02	0.0	0.075	0.015	0.02	0.0
FOXC1	2.0549999999999997	6.135	4.73	1.105	1.81	1.365	1.65	2.6	2.0
FOXC2	2.9	4.949999999999999	3.26	0.7050000000000001	1.33	1.4500000000000002	1.9649999999999999	2.24	0.305
FOXD1	3.225	7.075	5.55	1.1	1.27	0.86	1.055	1.225	0.6499999999999999
FOXD3	0.05	0.06	0.09	0.0	0.05	0.060000000000000005	0.095	0.195	0.015
FOXF1	1.48	0.435	0.45499999999999996	0.32	0.51	0.58	0.76	1.28	0.39
FOXF2	1.9899999999999998	4.525	3.275	2.615	1.94	3.7749999999999995	3.1550000000000002	4.18	1.6099999999999999
FOXI1	0.0	0.0	0.0	0.0	0.0	0.0	0.055	0.01	0.035
FOXJ2	1.23	4.15	4.76	3.725	4.789999999999999	5.46	6.1899999999999995	6.3100000000000005	7.529999999999999
FOXJ3	12.155000000000001	23.244999999999997	26.380000000000003	20.415	18.46	26.825000000000003	27.105	18.1	28.46
FOXK1	2.08	2.7649999999999997	3.895	2.66	1.79	3.21	3.015	2.545	6.635
FOXL2	0.42500000000000004	1.7950000000000002	1.4	0.17	0.19	0.21999999999999997	0.105	0.485	0.09
FOXL2OS	0.215	1.355	0.665	0.11	0.02	0.2	0.075	0.12	0.23
FOXM1	42.375	71.8	66.2	35.705	16.97	19.22	18.54	3.505	0.63
FOXO1	1.25	3.125	2.5949999999999998	1.6	2.42	3.08	2.94	4.84	4.91
FOXO3	1.205	3.4450000000000003	2.58	2.9749999999999996	4.63	4.115	4.385	5.4350000000000005	13.094999999999999
FOXO4	0.995	1.335	1.3050000000000002	1.0750000000000002	0.915	0.9550000000000001	0.865	0.6000000000000001	6.4
FOXP2	9.92	26.174999999999997	25.93	24.05	26.36	33.815	30.16	23.564999999999998	8.84
FOXP3	0.045	0.04	0.04	0.034999999999999996	0.035	0.06	0.07500000000000001	0.11	0.01
FOXQ1	0.54	2.175	2.485	1.815	3.135	3.3	3.05	4.02	1.19
FUBP1	94.44	144.07	138.905	120.24000000000001	92.705	96.14	98.96000000000001	38.18	31.12
GABPA	22.15	36.265	32.78	23.439999999999998	22.88	21.915	26.439999999999998	7.7700000000000005	12.925
GATA1	3.96	4.35	0.76	0.265	0.13	0.095	0.1	0.01	0.0
GATA2	5.515000000000001	3.565	5.18	1.5299999999999998	0.915	1.23	1.2	2.615	1.27
GATA3	3.13	3.01	5.8100000000000005	1.935	1.505	1.405	1.875	1.38	1.75
GATA4	0.0	0.0	0.095	0.01	0.0	0.03	0.0	0.0	0.0
GATA5	0.045	0.02	0.01	0.0	0.0	0.0	0.01	0.0	0.0
GATA5OS	0.0	0.0	0.0	0.0	0.0	0.0	0.0	0.0	0.0
GATA6	0.095	0.14500000000000002	0.16999999999999998	0.085	0.155	0.13	0.13	0.08	0.035
GCM1	0.035	0.045000000000000005	0.025	0.02	0.015	0.0	0.015	0.0	0.0
GFI1	0.005	0.05	0.05	0.01	0.05500000000000001	0.0	0.045	0.04	0.0
GFI1B	2.6950000000000003	2.725	1.135	0.21000000000000002	0.08499999999999999	0.0	0.09	0.015	0.0
GLI1	3.3949999999999996	4.1850000000000005	2.5999999999999996	1.29	0.6699999999999999	0.9099999999999999	0.9299999999999999	0.785	0.725
GLI2	7.035	12.705	9.11	5.025	3.085	3.7649999999999997	3.5250000000000004	0.785	0.7250000000000001
GLI3	33.165000000000006	53.129999999999995	39.19	23.049999999999997	10.615	12.045	10.405000000000001	2.26	1.69
GLIS3	1.545	2.6550000000000002	1.9	0.9650000000000001	0.675	0.8049999999999999	1.075	0.76	1.0
GORASP1	15.455	16.87	19.465	17.52	20.994999999999997	21.805	20.75	18.015	8.275
GORASP2	83.69	123.925	108.32499999999999	95.91499999999999	108.175	105.46000000000001	112.75	140.63	50.375
GPIHBP1	0.16999999999999998	0.5449999999999999	0.365	0.325	0.53	0.33	0.855	1.375	0.07
GPRASP1	28.96	63.515	92.885	82.605	90.22999999999999	106.515	109.61	123.495	164.3
GPRASP2	14.15	32.935	67.44	71.36	86.875	90.64	91.285	109.405	76.01
GRHL2	1.495	0.9299999999999999	0.89	0.045	0.11	0.1	0.09000000000000001	0.09000000000000001	0.025
HAND1	0.035	0.0	0.03	0.0	0.0	0.0	0.0	0.0	0.0
HBP1	40.415	68.56	71.895	74.705	87.71000000000001	74.96000000000001	86.53999999999999	30.385	21.465000000000003
HES1	24.9	52.959999999999994	50.739999999999995	25.11	15.03	14.555	12.629999999999999	10.335	7.1899999999999995
HESX1	0.52	0.205	0.025	0.0	0.02	0.0	0.0	0.0	0.0
HEY2	0.915	1.8450000000000002	4.34	2.665	2.815	2.625	2.9299999999999997	1.9849999999999999	3.19
HIC1	0.09	0.755	3.135	1.095	1.35	1.7650000000000001	1.7999999999999998	1.46	0.59
HIF1A	45.565	101.065	101.85	65.125	77.42500000000001	73.86	78.905	44.81	40.35
HIF1AN	27.240000000000002	26.165	39.29	28.84	15.41	25.345	22.155	10.04	8.77
HINFP	11.559999999999999	14.885000000000002	18.53	19.945	13.615	18.59	16.85	7.609999999999999	4.529999999999999
HLF	0.53	1.285	2.23	1.915	3.4800000000000004	3.395	4.57	6.285	75.525
HLTF	11.075	18.685000000000002	18.435000000000002	20.075000000000003	25.335	19.490000000000002	23.665	6.935	15.91
HMGA1	484.225	361.755	191.61	135.1	114.85	96.97	104.295	110.35	37.25
HMGA1B	6.79	6.17	4.32	2.6799999999999997	3.0949999999999998	1.775	2.43	1.31	35.345
HMGA2	63.095	69.905	40.295	11.335	1.7349999999999999	1.33	0.9299999999999999	0.16	0.02
HMGCR	84.72999999999999	149.765	161.215	129.0	152.905	145.45	166.84	134.14	36.845
HNF1A	0.02	0.0	0.025	0.045	0.01	0.025	0.03	0.005	0.0
HNF1B	0.005	0.0	0.02	0.04	0.095	0.05	0.065	0.175	0.33999999999999997
HNF4A	0.0	0.0	0.0	0.0	0.005	0.0	0.01	0.005	0.01
HNF4AOS	0.0	0.0	0.0	0.0	0.0	0.0	0.0	0.0	0.0
HNF4G	0.0	0.0	0.0	0.02	0.04	0.01	0.04	0.01	0.05500000000000001
HSF1	35.205	46.405	37.125	33.95	32.26	36.17	35.269999999999996	13.885	11.045
HSF2	23.425	41.370000000000005	49.36	60.97	44.365	48.345	49.5	36.275000000000006	20.435000000000002
HSF2BP	0.28500000000000003	0.33499999999999996	0.46499999999999997	0.33999999999999997	0.34	0.63	0.875	0.81	0.15000000000000002
IKZF1	1.95	2.98	0.7849999999999999	0.525	2.04	2.165	2.04	1.495	1.4300000000000002
INSM1	0.925	5.41	10.46	9.46	11.495000000000001	12.045	10.379999999999999	4.005	2.07
IRF1	2.325	3.325	3.0949999999999998	2.18	2.885	2.545	3.0650000000000004	3.04	2.8449999999999998
IRF2	1.8599999999999999	3.635	3.5	3.275	3.6399999999999997	3.035	3.575	3.675	11.059999999999999
IRF2BP1	11.955	28.6	31.755	19.134999999999998	25.35	30.265	27.5	23.29	10.6
IRF2BP2	1.7349999999999999	3.5949999999999998	6.265000000000001	6.8149999999999995	6.83	8.96	7.895	6.495	8.31
IRF2BPL	11.72	32.89	64.63	45.245000000000005	41.28	78.835	55.379999999999995	77.26	16.125
IRF3	31.39	54.22	48.03	45.22	38.89	42.14	39.64	14.245	15.575
IRF4	0.01	0.04	0.04	0.05	0.06	0.07	0.095	0.03	0.16
IRF5	0.675	1.8699999999999999	1.04	0.885	1.09	1.1	1.5750000000000002	1.44	1.1749999999999998
IRF7	0.11000000000000001	0.705	0.61	1.2650000000000001	1.14	1.5699999999999998	1.615	2.885	1.48
IRF8	2.325	2.415	2.96	2.0	2.355	3.9299999999999997	2.785	4.725	1.7850000000000001
IRF9	4.02	6.015000000000001	8.25	5.84	5.515	6.34	6.175	5.37	7.67
ISL1	5.2	27.265	57.775	71.44999999999999	70.94	51.125	58.18	36.72	2.96
JUN	42.72	48.95	85.905	76.86	30.525	68.62	49.495	41.230000000000004	12.205
JUNB	2.09	4.2	3.92	3.085	4.805	6.125	6.17	10.760000000000002	19.835
JUND	12.775	53.290000000000006	62.449999999999996	25.255	36.53	36.5	30.825	44.95	17.53
KIRREL	7.395	8.11	9.975000000000001	5.43	2.08	4.375	2.7649999999999997	1.385	1.03
KIRREL2	0.22999999999999998	0.475	1.055	0.42500000000000004	0.51	0.245	0.44	0.08	4.005
KIRREL3	1.505	4.16	8.765	16.669999999999998	31.645000000000003	38.35	39.44	42.065	11.01
KLF1	11.575	12.559999999999999	2.44	0.79	0.725	0.6699999999999999	0.625	0.545	0.0
KLF10	14.415	22.445	23.265	16.830000000000002	18.275	16.369999999999997	19.17	25.795	14.945
KLF11	5.885	10.855	13.07	10.434999999999999	13.76	14.530000000000001	16.2	18.925	2.325
KLF12	6.6	23.95	27.405	27.814999999999998	13.23	27.924999999999997	23.085	12.26	6.545
KLF13	12.735	21.674999999999997	19.759999999999998	26.515	25.935000000000002	28.740000000000002	28.455	24.134999999999998	22.779999999999998
KLF14	0.28500000000000003	0.275	0.19	0.14500000000000002	0.16	0.14500000000000002	0.16	0.52	0.2
KLF15	2.9450000000000003	2.085	3.2	5.29	9.24	10.405000000000001	10.96	14.120000000000001	7.9
KLF16	4.045	5.390000000000001	7.52	5.85	5.390000000000001	6.82	6.6850000000000005	11.67	13.49
KLF17	0.0	0.02	0.0	0.0	0.01	0.0	0.01	0.0	0.0
KLF3	16.119999999999997	18.82	18.53	13.795	11.809999999999999	16.59	14.375	16.215	7.455
KLF4	0.445	1.7000000000000002	1.855	1.27	1.355	1.475	1.94	2.8449999999999998	2.58
KLF5	0.7849999999999999	1.99	1.955	1.6	2.825	4.255	3.83	14.344999999999999	2.09
KLF6	10.955	21.03	24.424999999999997	23.244999999999997	27.59	30.505000000000003	33.71	42.71	24.34
KLF8	0.71	1.87	3.58	2.9050000000000002	4.915	4.12	6.484999999999999	4.745	2.325
LASP1	47.0	61.64	87.555	85.22	72.64	108.20500000000001	99.83	114.19	37.745000000000005
LEF1	27.835	54.099999999999994	44.345	22.490000000000002	13.56	14.23	12.48	10.945	4.135
LHX2	60.765	147.17	173.91500000000002	133.51	78.69	83.745	74.41	38.04	19.009999999999998
LHX3	0.14	0.075	0.065	0.12000000000000001	0.025	0.04	0.035	0.025	0.105
LHX6	1.355	11.695	23.145	24.740000000000002	17.755000000000003	30.275	27.32	20.275	4.365
LONRF1	0.815	2.23	2.565	3.0	3.2800000000000002	4.49	4.1899999999999995	2.96	9.5
LSP1	6.195	7.375	4.845	3.46	4.885	3.2300000000000004	4.8149999999999995	5.025	2.3049999999999997
LTBP1	2.46	3.6999999999999997	3.085	2.7800000000000002	3.665	3.505	3.6	1.085	2.73
LTBP2	0.025	0.27	0.21500000000000002	0.05	0.02	0.2	0.16999999999999998	0.26	0.13
LTBP3	0.575	1.71	3.7	3.435	3.625	5.035	4.435	3.435	4.3149999999999995
LTBP4	5.305	9.870000000000001	11.925	9.92	8.015	11.76	10.344999999999999	8.48	10.755
LYL1	2.915	4.279999999999999	2.9050000000000002	1.6400000000000001	2.84	1.895	2.85	2.105	0.79
MAF	1.11	2.915	2.7249999999999996	3.245	4.495	4.375	5.3100000000000005	3.95	8.65
MAF1	96.95	151.28	190.185	263.59000000000003	282.36	291.525	298.79499999999996	266.01	40.23
MAFA	0.0	0.060000000000000005	0.0	0.0	0.02	0.07	0.0	0.135	0.31
MAFB	1.19	4.25	6.3100000000000005	6.800000000000001	6.08	12.29	9.834999999999999	12.1	5.04
MAFF	0.78	0.915	0.835	0.865	0.725	0.7250000000000001	0.715	0.715	0.435
MAFG	11.57	20.380000000000003	25.93	18.11	18.28	35.08	26.67	26.9	22.095
MAFK	5.41	6.285	9.65	11.75	8.129999999999999	16.25	14.579999999999998	7.655	2.5700000000000003
MASP1	1.475	7.615	14.465	19.314999999999998	16.98	18.94	18.055	8.870000000000001	3.1849999999999996
MASP2	0.08	0.2	0.315	0.405	0.105	0.7350000000000001	0.345	0.14	0.26
MAX	4.955	13.65	12.350000000000001	9.51	85.095	13.165	49.77	10.965	29.16
MAZ	31.31	85.33500000000001	77.945	48.78	41.765	62.025000000000006	42.165000000000006	55.730000000000004	44.025000000000006
MBD2	3.29	8.18	6.11	4.505	7.595	4.49	6.365	3.695	37.225
MCRIP1	113.435	182.385	174.84	194.64999999999998	254.57999999999998	201.495	218.3	227.74	53.22
MCRIP2	9.76	7.55	6.145	9.145	10.84	10.65	9.879999999999999	23.689999999999998	6.875
MCRS1	99.795	147.285	145.3	161.45	200.05	167.605	183.065	203.485	25.99
MECP2	6.48	12.46	12.805	12.76	10.35	11.504999999999999	11.48	9.635	23.645
MEF2A	10.575	17.064999999999998	22.380000000000003	20.02	25.855	27.310000000000002	33.325	31.47	62.17
MEF2C	3.4299999999999997	5.640000000000001	11.325	22.795	48.849999999999994	77.275	101.69	167.99	159.86
MEF2D	5.595	14.61	15.64	13.055	15.850000000000001	17.060000000000002	19.235	27.455	43.34
MEIS1	20.665	25.59	35.445	31.705000000000002	16.815	24.685000000000002	20.46	10.25	3.0149999999999997
MEIS2	17.715	60.66	88.595	107.245	89.59	133.635	108.65	81.65	69.235
MESP1	0.04	0.06	0.06	0.0	0.085	0.115	0.07500000000000001	0.775	0.0
MESP2	0.325	0.51	0.5	0.835	1.7200000000000002	1.53	1.65	1.8	0.17
MITF	1.0750000000000002	0.925	0.735	1.115	0.88	1.125	0.62	1.26	4.135
MSGN1	0.0	0.0	0.0	0.0	0.06	0.0	0.06	0.045	0.0
MSX2	10.055	27.634999999999998	12.155	1.2650000000000001	0.485	0.45999999999999996	0.475	0.535	0.135
MSX3	0.275	1.94	2.245	1.3199999999999998	0.895	0.605	0.665	0.855	0.025
MTBP	17.925	19.060000000000002	19.235	13.175	8.5	6.765000000000001	9.09	2.495	1.4300000000000002
MTF1	11.59	11.865	12.735	13.370000000000001	10.88	10.65	10.46	23.255000000000003	9.49
MXI1	5.1899999999999995	20.009999999999998	24.305	10.865	14.265	27.314999999999998	21.805	18.285	19.02
MYB	2.44	6.775	6.025	4.305	2.16	2.135	2.4050000000000002	1.02	0.33
MYBBP1A	138.715	133.48000000000002	132.765	99.045	70.065	78.97999999999999	75.30000000000001	44.19499999999999	14.775
MYBL1	1.45	3.265	3.755	2.91	1.8599999999999999	1.7349999999999999	1.9849999999999999	0.595	3.1799999999999997
MYBL2	35.36	46.05	35.795	21.75	8.004999999999999	11.055	8.274999999999999	2.225	1.055
MYBPC1	0.08	0.23	0.66	0.41000000000000003	0.845	1.09	1.73	1.795	2.185
MYBPC2	0.05	0.034999999999999996	0.13	0.12000000000000001	0.09	0.11499999999999999	0.095	0.19	0.075
MYBPC3	0.0	0.0	0.14	0.095	0.01	0.055	0.0	0.015	0.105
MYBPH	0.3	0.07	0.21	0.045	0.065	0.055	0.12000000000000001	0.060000000000000005	0.045
MYBPHL	0.02	0.04	0.185	0.04	0.02	0.04	0.0	0.035	0.04
MYC	28.18	15.53	21.08	25.615000000000002	26.555	32.545	35.894999999999996	48.235	1.425
MYCBP	35.79	46.185	40.629999999999995	32.230000000000004	31.119999999999997	28.605	28.119999999999997	36.41	14.7
MYCBP2	8.86	22.935	28.93	30.869999999999997	36.14	42.07	41.260000000000005	36.015	60.17
MYCBPAP	2.15	2.645	3.13	1.955	1.6400000000000001	1.845	1.7149999999999999	1.3900000000000001	1.5
MYCL	22.42	54.06999999999999	69.455	50.875	62.31	74.53999999999999	69.36	56.625	2.7150000000000003
MYCN	81.55	118.67	111.66	93.59	99.405	136.29500000000002	139.765	59.910000000000004	3.25
MYCS	0.01	0.0	0.0	0.0	0.01	0.0	0.015	0.015	0.0
MYCT1	0.63	1.49	1.105	0.7150000000000001	1.055	0.8799999999999999	1.15	0.7	0.595
MYF5	0.245	0.045000000000000005	0.065	0.02	0.0	0.0	0.0	0.02	0.0
MYF6	0.03	0.03	0.105	0.02	0.0	0.07500000000000001	0.0	0.015	0.0
MYOD1	0.015	0.035	0.135	0.04	0.065	0.035	0.085	0.10500000000000001	0.0
MYOG	0.01	0.045	0.515	0.0	0.02	0.105	0.155	0.2	0.07
NANOG	0.17	0.155	0.16999999999999998	0.175	0.18	0.16	0.055	0.04	0.02
NEGR1	0.785	3.875	11.129999999999999	18.61	26.0	30.93	30.049999999999997	45.855000000000004	92.215
NFAT5	4.199999999999999	9.74	10.355	8.309999999999999	3.665	8.065	5.855	2.325	20.33
NFE2	3.75	5.635	2.275	0.9	0.63	0.41000000000000003	0.625	0.27	0.0
NFE2L1	35.66	32.175	61.11	43.965	27.735	47.985	44.735	46.515	87.84
NFE2L2	13.690000000000001	21.35	16.119999999999997	13.11	14.99	11.41	14.379999999999999	11.325	9.765
NFE2L3	0.37	1.04	1.895	3.085	10.56	11.18	12.89	9.774999999999999	3.67
NFIA	7.64	33.08	52.415000000000006	88.74000000000001	66.68	82.62	77.92	40.775	7.5649999999999995
NFIB	10.26	42.769999999999996	78.85	155.065	156.54500000000002	233.7	204.985	46.515	17.314999999999998
NFIC	4.285	8.25	12.02	16.74	13.379999999999999	20.595	17.83	15.399999999999999	20.95
NFIL3	7.785	13.48	23.17	31.125	38.805	46.379999999999995	51.370000000000005	31.625	5.34
NFKB1	5.975	10.5	6.975	6.165	5.535	4.855	5.28	3.1550000000000002	6.369999999999999
NFKB2	2.1100000000000003	3.2800000000000002	2.13	1.065	1.205	1.6600000000000001	1.525	0.99	0.745
NFYA	10.215	19.77	18.14	13.535	18.39	15.06	19.049999999999997	5.49	9.685
NFYB	34.805	62.85	58.425	55.775000000000006	58.825	53.685	60.995000000000005	28.075000000000003	39.165
NFYC	70.71000000000001	102.23	93.66499999999999	85.10499999999999	102.435	80.25	97.855	66.175	20.855
NOBOX	0.0	0.035	0.055	0.02	0.035	0.0	0.035	0.055	0.11
NOP53	72.275	102.595	98.94999999999999	91.37	93.935	89.82	91.41	92.39	32.185
NR0B1	1.56	1.205	0.425	0.635	1.075	1.025	0.8599999999999999	0.49	0.0
NR1D1	0.835	1.03	1.7650000000000001	1.8199999999999998	2.2750000000000004	2.975	2.955	9.44	20.92
NR1D2	2.0999999999999996	4.26	5.390000000000001	4.01	5.574999999999999	5.96	6.585	5.234999999999999	81.56
NR1H2	41.019999999999996	58.195	59.515	62.705	62.714999999999996	61.099999999999994	66.72	41.290000000000006	19.764999999999997
NR1H3	1.0550000000000002	1.415	1.12	1.375	2.3049999999999997	1.9949999999999999	2.28	1.44	1.49
NR1H4	0.005	0.015	0.05	0.07	0.13	0.12000000000000001	0.125	0.055	0.07
NR1I2	0.0	0.0	0.0	0.0	0.0	0.02	0.0	0.01	0.0
NR1I3	0.1	0.155	0.185	0.28500000000000003	0.205	0.25	0.275	0.14	0.19
NR2C1	6.02	8.754999999999999	9.825	6.745	6.49	6.045	6.715	2.435	4.705
NR2C2	8.195	23.425	21.71	16.54	13.805	32.685	15.61	23.494999999999997	33.43
NR2C2AP	18.39	16.380000000000003	21.189999999999998	26.585	32.74	32.45	32.214999999999996	42.004999999999995	7.75
NR2E3	0.055	0.0	0.075	0.0	0.0	0.0	0.0	0.035	0.0
NR2F6	26.34	39.769999999999996	27.525	10.155000000000001	14.27	13.254999999999999	12.675	23.275	8.76
NR4A1	2.205	1.975	2.58	2.05	2.1100000000000003	3.0300000000000002	3.08	7.279999999999999	32.2
NR4A2	4.125	12.155000000000001	15.184999999999999	14.52	10.295	22.369999999999997	17.855	36.11	22.990000000000002
NR4A3	0.15000000000000002	0.395	0.32499999999999996	1.51	3.6850000000000005	6.25	5.895	9.06	11.525
NR5A2	0.115	0.16	0.575	0.33999999999999997	0.195	0.24000000000000002	0.215	0.10500000000000001	0.125
NR6A1	2.3449999999999998	2.3	1.77	0.9949999999999999	0.685	1.1	1.0350000000000001	0.46499999999999997	2.675
NRF1	54.205	72.41	68.185	57.945	39.335	47.655	43.925	18.880000000000003	6.005
NSMAF	30.235	37.235	35.64	26.335	25.615000000000002	26.39	25.435000000000002	19.855	35.73
OLIG2	6.125	19.65	20.924999999999997	6.32	5.05	6.74	5.279999999999999	11.620000000000001	12.379999999999999
OOSP1	0.0	0.0	0.0	0.0	0.0	0.0	0.0	0.0	0.0
OOSP2	0.0	0.0	0.0	0.0	0.0	0.0	0.0	0.305	0.13
OOSP3	0.0	0.0	0.0	0.0	0.0	0.0	0.0	0.04	0.0
OSTF1	9.75	14.145	10.605	11.055	15.035	10.27	13.625	14.805	6.88
OTX1	23.195	36.435	28.53	18.285	8.809999999999999	8.42	8.14	4.915	1.5050000000000001
OTX2	33.53	57.82	46.09	24.88	15.17	11.68	11.649999999999999	8.32	5.925
OTX2OS1	1.465	3.67	3.27	2.175	1.29	1.1	0.615	0.8	0.27
OVOL1	0.25	0.215	0.2	0.09	0.12	0.065	0.125	0.19	0.0
OVOL2	0.15	0.095	0.115	0.0	0.0	0.015	0.02	0.175	3.455
PAX2	0.38	0.235	0.11	0.02	0.05500000000000001	0.05	0.05	0.05	0.05
PAX3	6.859999999999999	3.615	2.87	0.49	0.24000000000000002	0.37	0.23500000000000001	0.185	0.235
PAX5	0.25	0.19	0.32	0.045	0.11499999999999999	0.165	0.51	0.0	0.095
PAX6	42.465	79.275	91.065	74.365	40.150000000000006	41.905	35.875	14.29	5.35
PAX6OS1	0.385	0.695	0.93	1.045	1.2	0.6799999999999999	0.7649999999999999	0.3	0.15000000000000002
PAX8	0.265	0.605	0.18	0.08	0.085	0.24	0.415	0.15000000000000002	0.08
PAXBP1	37.620000000000005	80.05000000000001	86.605	63.53	50.345	68.545	69.565	12.695	39.905
PBX1	20.92	38.435	58.47	62.839999999999996	60.54	73.625	71.39	48.115	33.005
PBX2	8.525	14.15	14.245000000000001	8.600000000000001	6.734999999999999	5.885	4.984999999999999	4.14	19.950000000000003
PBX3	14.565000000000001	38.620000000000005	49.415	43.75	51.36	42.315	46.614999999999995	41.235	10.045
PDX1	0.0	0.0	0.0	0.0	0.0	0.0	0.0	0.0	0.0
PITX1	1.32	0.685	1.855	0.02	0.0	0.0	0.15	0.0	0.0
PITX2	7.18	8.365	18.28	12.585	9.74	2.79	6.23	4.16	0.6699999999999999
PLAG1	2.035	4.07	3.5199999999999996	3.295	2.2	1.565	1.65	0.31	1.745
PPARA	0.08	0.32	0.505	0.43	0.5900000000000001	1.1949999999999998	0.97	1.63	0.72
PPARD	0.6950000000000001	0.9500000000000001	0.99	1.18	1.4849999999999999	1.085	1.26	0.75	5.285
PPARG	0.065	0.125	0.03	0.035	0.085	0.11000000000000001	0.165	0.18	1.57
PPARGC1A	1.19	2.84	4.075	3.885	5.265000000000001	6.095000000000001	6.54	9.275	14.945
PPARGC1B	0.76	1.045	0.7150000000000001	0.65	0.71	1.045	0.985	1.94	1.8
PRDM1	0.52	0.8799999999999999	0.765	0.425	0.605	0.38	0.7849999999999999	0.195	0.32999999999999996
PRDM10	4.48	7.63	8.03	6.41	6.605	7.93	7.779999999999999	3.61	5.949999999999999
PRDM11	0.99	1.435	1.6	1.405	0.73	2.145	1.1199999999999999	1.4	2.6149999999999998
PRDM12	0.345	3.175	5.0	1.395	0.8800000000000001	2.895	0.9550000000000001	1.25	0.09
PRDM13	0.035	0.275	0.41500000000000004	0.35	0.275	0.19999999999999998	0.115	0.005	0.0
PRDM14	0.0	0.0	0.01	0.01	0.0	0.03	0.0	0.0	0.0
PRDM15	8.05	14.39	15.34	13.365	8.75	12.695	11.54	2.865	4.415
PRDM16	22.509999999999998	36.71	36.725	32.345	18.555	26.935000000000002	25.025	10.155	2.45
PRDM5	8.995000000000001	11.434999999999999	9.735	7.225	4.5600000000000005	4.49	4.63	2.46	2.575
PRDM9	1.5899999999999999	0.975	2.545	2.405	0.645	1.435	0.9099999999999999	0.8	1.5699999999999998
PRELID1	329.5	419.335	318.34000000000003	322.505	393.83500000000004	306.34	332.07500000000005	320.51	72.77
PRELID2	22.43	22.81	14.84	9.129999999999999	6.195	4.6850000000000005	5.9399999999999995	2.69	0.15000000000000002
PRELID3A	9.73	13.46	13.635	16.27	9.14	23.03	18.32	25.18	13.24
PRELID3B	69.72999999999999	102.805	94.095	101.6	110.055	94.285	106.22	90.62	47.015
PRELP	0.345	1.02	1.655	1.81	3.365	3.2649999999999997	3.475	3.645	5.46
PROP1	0.01	0.0	0.0	0.0	0.0	0.0	0.0	0.0	0.0
PRRX1	18.545	22.735	24.384999999999998	7.359999999999999	4.155	3.1799999999999997	4.865	3.1399999999999997	3.62
PRRX2	16.275	25.8	14.89	2.035	2.55	1.96	3.01	3.13	0.37
PTBP1	203.385	219.845	182.31	129.945	82.61	92.22999999999999	88.985	46.105000000000004	10.405
PTBP2	88.625	210.695	232.37	213.07	229.075	193.755	232.8	107.75999999999999	62.585
PTBP3	13.865	23.64	22.08	14.23	18.795	15.795	16.525	8.81	10.46
PTF1A	0.0	0.1	0.53	0.245	0.195	0.045	0.04	0.015	0.0
PTF1AOS	0.015	0.0	0.0	0.045	0.0	0.0	0.0	0.0	0.0
PURA	0.635	1.77	2.435	2.58	2.925	3.2800000000000002	3.63	2.3	56.955
QSOX2	11.125	17.23	17.065	12.120000000000001	9.565000000000001	12.91	10.955	6.23	8.665
RAP2A	4.535	18.064999999999998	15.625	8.149999999999999	12.309999999999999	22.435000000000002	16.125	20.79	49.425
RAP2B	5.875	11.559999999999999	13.41	11.83	12.54	13.51	13.184999999999999	16.09	12.149999999999999
RAP2C	11.74	18.945	19.07	12.92	15.56	11.45	12.325	8.34	26.105000000000004
RARA	9.86	19.08	12.555	7.865	7.57	7.865	8.64	8.57	2.685
RARB	12.02	12.725000000000001	10.66	6.575	14.344999999999999	13.2	16.485	13.415	10.17
RARG	15.91	15.43	12.035	3.055	3.74	4.965	5.65	3.875	2.675
REL	0.31	0.405	0.36	0.26	0.325	0.215	0.375	0.435	1.41
RELA	15.785	28.689999999999998	27.439999999999998	27.105	27.295	28.855	30.375	23.96	4.965
RELB	1.595	2.535	2.805	1.715	2.295	2.1950000000000003	2.8200000000000003	3.965	1.88
RELL1	7.45	10.114999999999998	13.34	11.825	8.219999999999999	11.665	11.024999999999999	8.855	6.35
RELL2	1.36	3.6550000000000002	7.824999999999999	11.969999999999999	25.115000000000002	34.72	31.78	73.93	59.905
RELN	1.32	10.03	20.39	26.62	47.265	37.08	47.239999999999995	31.995	25.685000000000002
RELT	2.935	2.055	1.92	2.38	2.19	3.385	3.14	4.07	7.915
RERG	0.5700000000000001	1.145	3.34	3.14	4.625	4.29	5.55	9.25	8.51
RERGL	0.0	0.0	0.0	0.0	0.0	0.0	0.0	0.0	0.0
RESP18	1.63	12.190000000000001	25.615000000000002	33.83	55.1	37.13	41.475	132.29	121.03999999999999
REST	11.955	19.854999999999997	17.31	10.11	6.26	6.99	6.6	2.27	1.29
RFX1	3.7	7.33	5.915	4.755	5.699999999999999	5.87	6.359999999999999	4.095	3.7399999999999998
RFX2	3.745	7.16	5.125	4.285	1.885	2.985	2.535	2.13	0.715
RFX3	14.33	33.93	28.990000000000002	30.17	22.99	32.57	30.18	11.625	12.48
RFX6	0.025	0.0	0.0	0.0	0.015	0.015	0.0	0.005	0.0
RORA	3.06	4.58	5.495	8.165	13.434999999999999	9.92	10.105	15.185	23.085
RREB1	3.2800000000000002	5.44	3.7749999999999995	1.355	1.1600000000000001	1.3599999999999999	1.15	1.135	9.825
RUNX1	0.9199999999999999	1.5899999999999999	1.975	0.245	0.325	0.38	0.385	0.47500000000000003	0.27
RUNX1T1	6.0	24.225	35.165	45.6	41.34	62.17	55.115	53.01	6.43
RUNX2	0.155	1.7	2.67	0.375	0.215	0.25	0.435	0.69	1.9049999999999998
RUNX3	0.015	0.045	0.06	0.005	0.01	0.005	0.01	0.0	0.03
RXRA	4.21	5.285	6.0	3.83	1.9300000000000002	2.665	2.33	1.605	6.245
RXRB	24.990000000000002	27.89	46.894999999999996	44.965	20.135	50.095	35.315	47.260000000000005	25.21
RXRG	1.05	1.725	2.885	7.96	11.93	25.990000000000002	25.28	31.445	10.86
SALL1	6.635	24.15	24.84	22.355	12.965	13.65	12.495000000000001	3.3449999999999998	4.9350000000000005
SALL4	20.155	8.375	4.66	2.24	0.75	0.55	0.93	0.05	0.01
SERGEF	9.645	17.119999999999997	17.285	23.5	23.095	27.505	25.06	40.97	12.840000000000002
SETBP1	2.2649999999999997	7.9	11.25	11.435	11.2	11.365	11.22	4.795	5.49
SIX2	5.59	9.965	6.775	0.46499999999999997	0.195	0.23	0.29000000000000004	0.45999999999999996	0.20500000000000002
SIX4	3.955	4.285	2.955	0.8	0.35	0.39	0.41500000000000004	0.09	0.685
SMAD1	19.97	45.730000000000004	49.655	39.755	52.975	50.215	53.8	44.295	9.105
SMAD2	26.805	52.3	54.31	52.205	62.965	54.135000000000005	66.925	29.619999999999997	19.855
SMAD3	12.955	13.719999999999999	19.305	8.545000000000002	4.42	6.035	5.48	4.485	13.24
SMAD4	9.86	25.395	19.54	21.9	27.13	19.055	22.685	16.405	21.565
SMCR8	5.199999999999999	8.905000000000001	9.27	5.025	6.865	5.4399999999999995	6.9	2.435	8.82
SNAI1	23.755000000000003	21.009999999999998	10.92	1.915	3.38	1.99	3.965	3.3049999999999997	0.16
SNAI2	7.285	15.295	7.315	1.26	0.755	1.23	1.4849999999999999	0.595	0.37
SOX10	0.535	1.0150000000000001	1.545	0.395	1.185	1.24	1.7599999999999998	4.64	11.925
SOX13	7.245	9.795	10.945	5.27	3.62	4.035	3.36	2.16	2.61
SOX15	0.065	0.115	0.065	0.025	0.03	0.09	0.04	0.05	0.07
SOX17	3.875	6.875	5.949999999999999	3.605	5.625	6.11	6.279999999999999	5.105	2.53
SOX18	11.115	13.725	12.11	10.235	11.649999999999999	11.434999999999999	12.895	8.395	2.705
SOX2	13.555	44.519999999999996	57.18	31.465000000000003	20.92	30.93	18.62	20.87	24.28
SOX21	4.505	18.015	19.04	8.46	6.6899999999999995	6.965	5.295	3.23	2.7750000000000004
SOX3	2.6799999999999997	11.655	7.17	5.075	2.425	2.88	2.025	2.04	0.395
SOX30	0.025	0.215	0.16499999999999998	0.03	0.055	0.135	0.03	0.1	0.060000000000000005
SOX4	27.655	125.02	212.39	157.76999999999998	242.16500000000002	285.875	243.72000000000003	175.41000000000003	6.0649999999999995
SOX5	34.64	46.995000000000005	72.955	132.70499999999998	96.55000000000001	189.33499999999998	144.37	39.325	8.995000000000001
SOX5OS3	0.015	0.135	0.03	0.15500000000000003	0.0	0.03	0.0	0.0	0.0
SOX9	56.08	137.195	139.87	79.86	39.25	56.72	46.64	32.58	6.6450000000000005
SP1	7.27	11.97	10.34	7.41	5.9	5.615	5.665	2.1399999999999997	7.66
SP100	0.185	0.375	0.5650000000000001	0.14500000000000002	0.28500000000000003	0.33499999999999996	0.56	0.7849999999999999	4.595000000000001
SP110	0.395	0.365	0.305	0.325	0.29	0.32499999999999996	0.38999999999999996	0.6	0.855
SP140	0.225	0.425	0.28500000000000003	0.26	0.495	0.28	0.545	0.46	0.965
SP2	16.59	24.740000000000002	20.915	15.565	12.280000000000001	12.96	13.175	12.125	4.14
SP3	25.615	58.175	66.11	54.685	53.489999999999995	49.54	53.065	19.545	32.555
SP3OS	11.559999999999999	22.314999999999998	32.935	31.275	28.835	27.72	28.189999999999998	46.075	9.22
SP4	6.220000000000001	16.455	17.95	14.14	19.72	16.92	20.5	9.97	9.985
SP5	2.94	11.135000000000002	9.370000000000001	3.855	3.06	3.59	2.615	3.3600000000000003	0.025
SP7	0.185	0.26	0.32499999999999996	0.115	0.30500000000000005	0.31	0.5800000000000001	0.265	0.54
SPESP1	0.01	0.0	0.01	0.015	0.015	0.0	0.0	0.0	0.015
SPI1	1.62	2.82	1.81	2.2199999999999998	2.23	2.245	1.81	4.1850000000000005	1.44
SPIB	0.0	0.085	0.01	0.01	0.01	0.03	0.0	0.005	0.02
SPZ1	0.0	0.0	0.0	0.0	0.0	0.0	0.0	0.0	0.035
SRF	1.6150000000000002	2.505	2.8	2.325	2.73	2.185	2.4050000000000002	1.7149999999999999	10.09
SRFBP1	22.22	30.945	28.98	25.275	25.62	21.86	25.455	15.49	9.690000000000001
SRY	0.0	0.0	0.0	0.0	0.0	0.0	0.0	0.0	0.0
STAT1	6.5600000000000005	12.95	12.325	10.815000000000001	10.78	8.725000000000001	10.899999999999999	9.04	10.125
STAT2	4.09	9.325	11.035	8.835	9.75	10.64	11.465	5.425	5.96
STAT3	8.355	21.575	26.7	22.57	21.005	26.465	24.47	22.25	11.530000000000001
STAT4	4.925000000000001	9.635	7.3549999999999995	3.13	1.345	0.51	1.025	0.75	1.575
STAT6	4.075	5.785	4.09	2.215	2.9850000000000003	2.925	3.7350000000000003	3.6950000000000003	4.54
STXBP1	10.754999999999999	35.19	58.135	86.065	127.03999999999999	160.73	170.8	263.125	210.07999999999998
SWT1	9.885	18.03	21.884999999999998	23.23	15.175	17.97	16.135	10.605	13.01
TAF1	15.41	26.225	27.75	21.86	16.925	20.305	20.345	10.8	26.245
TAF10	98.705	159.26999999999998	130.38	115.65	117.61	90.705	87.1	88.17500000000001	42.44499999999999
TAF11	41.385000000000005	63.59	67.235	55.99	49.595	46.935	49.239999999999995	44.785	30.0
TAF12	38.81	52.644999999999996	49.870000000000005	43.975	39.99	38.71	37.045	24.34	11.39
TAF13	31.955	46.394999999999996	46.65	47.765	44.205	41.705	46.515	36.825	52.09
TAF15	7.855	11.34	14.295	17.305	7.619999999999999	10.39	8.01	6.27	34.6
TAF1A	12.675	15.945	15.85	15.66	10.809999999999999	15.41	12.39	9.149999999999999	10.665
TAF1B	16.15	24.645	26.895000000000003	28.52	35.2	31.775	36.650000000000006	25.814999999999998	16.695
TAF1C	9.844999999999999	13.42	12.955	13.524999999999999	12.345	15.48	14.855	9.440000000000001	2.955
TAF1D	27.9	32.875	33.15	31.805	24.68	24.490000000000002	25.380000000000003	26.424999999999997	21.81
TAL1	1.01	2.715	1.825	0.7	0.915	0.445	0.755	0.38	1.9449999999999998
TARDBP	274.76	182.875	368.49	300.90999999999997	104.985	223.77	186.485	86.215	197.19
TASP1	12.24	16.235	14.775	13.635	16.43	18.685	18.5	18.200000000000003	15.665000000000001
TBP	40.655	62.82	57.25	57.445	65.89	57.255	62.025	35.334999999999994	28.395000000000003
TBPL1	44.885000000000005	85.14500000000001	96.22	98.58500000000001	93.89	89.515	97.58500000000001	52.78	52.379999999999995
TBPL2	0.0	0.0	0.0	0.0	0.0	0.0	0.0	0.0	0.0
TBX2	1.54	1.38	0.765	0.42000000000000004	0.47500000000000003	0.6699999999999999	0.565	0.36	0.37
TBX20	0.15	0.05	0.035	0.035	0.015	0.04	0.0	0.0	0.030000000000000002
TBX21	0.165	0.15500000000000003	0.21500000000000002	0.245	0.10500000000000001	0.265	0.195	2.17	0.08
TBX22	0.535	1.26	0.43500000000000005	0.01	0.01	0.025	0.02	0.06	0.28
TBX3	5.5649999999999995	1.05	1.47	1.135	1.535	1.5350000000000001	1.7	1.09	0.815
TBX3OS2	0.02	0.0	0.0	0.0	0.09	0.05	0.0	0.125	0.0
TBX5	0.095	0.005	0.08	0.055	0.02	0.03	0.04	0.005	0.0
TCERG1	35.045	68.44	58.230000000000004	39.730000000000004	36.364999999999995	41.685	39.655	37.879999999999995	26.240000000000002
TCERG1L	0.595	1.8900000000000001	2.59	2.675	6.4	7.665	7.5649999999999995	16.845	5.23
TCF7	4.574999999999999	7.5649999999999995	4.46	1.88	2.77	3.12	3.72	3.83	1.855
TCF7L1	18.134999999999998	25.59	20.79	11.315000000000001	5.779999999999999	5.4350000000000005	5.585	3.365	0.905
TCF7L2	53.55	115.03999999999999	177.495	140.995	173.13	92.515	104.33	167.92000000000002	18.775
TEAD1	9.77	16.42	20.064999999999998	18.96	5.74	14.795	7.57	4.125	3.31
TEAD2	195.25	248.72	204.685	158.215	76.75999999999999	82.38999999999999	66.78	17.18	1.475
TEAD3	2.8200000000000003	4.4399999999999995	3.765	2.15	1.78	1.8850000000000002	1.615	1.045	0.6900000000000001
TEAD4	0.96	0.845	0.685	0.485	0.22999999999999998	0.37	0.355	0.35500000000000004	0.205
TEF	7.425000000000001	13.58	21.884999999999998	20.4	14.010000000000002	26.729999999999997	21.855	21.2	106.02
TEFM	19.67	25.5	24.18	24.845	21.03	24.48	22.34	20.93	8.280000000000001
TFAP2A	2.145	2.56	1.32	0.405	0.185	0.16999999999999998	0.23500000000000001	0.14	0.165
TFAP2B	16.725	12.865	13.23	3.075	0.89	2.35	1.645	1.405	1.2149999999999999
TFAP2C	22.155	36.34	29.240000000000002	29.33	17.855	23.09	20.9	3.255	0.025
TFAP2D	0.05	0.51	1.8	3.38	9.52	13.025	10.25	5.785	1.915
TFCP2	10.995000000000001	16.845	23.29	19.369999999999997	12.995000000000001	17.925	16.62	14.36	5.99
TFCP2L1	0.08	0.16	0.125	0.25	0.455	0.275	0.44	0.64	1.0
TFDP1	117.725	189.81	157.685	137.22	123.43	121.00999999999999	125.495	74.735	23.0
TFE3	14.82	19.22	24.125	18.235	16.83	18.73	18.78	15.920000000000002	9.56
TFEB	1.115	2.05	1.7249999999999999	1.31	1.9300000000000002	1.81	1.875	3.4050000000000002	4.12
TGIF1	46.205	49.355000000000004	41.325	23.785	11.035	10.99	10.445	4.085	0.86
THA1	2.96	2.825	2.805	2.01	2.825	2.7750000000000004	2.965	2.315	1.5150000000000001
THADA	3.98	6.449999999999999	6.0600000000000005	3.495	3.19	3.34	3.575	1.17	2.195
THAP1	11.440000000000001	19.71	19.195	19.525	21.47	18.259999999999998	19.82	15.25	5.805
THAP11	43.394999999999996	67.775	66.22	55.235	46.925	59.015	54.685	44.39	15.86
THAP12	31.58	69.595	61.265	38.89	38.14	42.825	43.650000000000006	40.71	56.635000000000005
THAP2	6.18	12.135	12.809999999999999	11.315	9.765	10.455	11.465	4.98	7.4399999999999995
THAP3	19.185	21.39	29.93	33.32	25.16	34.31	26.505	42.84	5.53
THAP4	26.515	29.48	30.22	34.22	35.545	37.915	40.715	44.795	15.295
THAP6	5.175	6.945	7.1850000000000005	5.64	3.215	4.02	3.145	2.855	1.53
THAP7	26.17	39.18	45.375	45.57	47.47	50.56	49.885000000000005	46.925	13.360000000000001
THBD	2.425	4.3149999999999995	3.69	2.04	6.845000000000001	4.29	8.28	8.79	5.995
THBS1	22.009999999999998	49.485	29.895	6.365	5.96	8.5	10.885	3.11	0.49
THBS2	0.63	2.835	4.23	0.24	1.435	0.85	2.745	2.38	1.6150000000000002
THBS3	39.26	53.075	79.925	73.19	45.445	56.305	47.620000000000005	31.53	9.295
THBS4	1.405	1.54	0.98	1.06	1.05	0.985	1.05	0.655	2.315
TLX1	0.02	0.025	0.05	0.06999999999999999	0.0	0.0	0.0	0.0	0.0
TRP53	105.005	136.2	100.895	103.37	94.41	94.05	93.735	47.595	7.735
TRP53BP1	74.81	124.16999999999999	181.135	155.695	114.275	155.57999999999998	143.165	54.61	27.24
TRP53BP2	14.245000000000001	29.43	28.045	20.545	18.96	22.08	23.825	10.895	6.03
TRP53COR1	0.095	0.165	0.10500000000000001	0.065	0.09	0.11	0.085	0.14	0.065
TRP53I11	41.17	129.04	100.535	71.52000000000001	88.11500000000001	82.97999999999999	93.71000000000001	92.53	18.900000000000002
TRP53I13	17.155	26.955	25.745	16.880000000000003	13.835	14.280000000000001	12.58	10.485	2.015
TRP53INP1	7.199999999999999	26.795	36.655	29.91	52.185	33.46	47.615	6.195	8.515
TRP53INP2	17.015	48.755	71.875	60.17	54.61	66.355	65.43	50.19499999999999	75.165
TRP53RKA	31.17	44.43	37.53	36.754999999999995	34.61	39.63	38.185	29.189999999999998	8.47
TRP53RKB	5.725	8.95	8.504999999999999	7.08	7.445	7.234999999999999	7.58	6.635	2.14
TRP53TG5	0.0	0.025	0.03	0.025	0.0	0.03	0.0	0.0	0.0
TRP63	4.355	2.93	1.135	0.12000000000000001	0.065	0.12	0.115	0.165	0.6799999999999999
TRP73	1.74	7.065	7.415	4.585000000000001	4.23	4.75	4.63	3.24	0.265
UFSP1	5.625	5.865	5.465	5.975	8.475	7.365	6.965	16.695	7.61
UFSP2	27.575	33.575	40.16	46.105000000000004	37.56	41.66	37.97	38.870000000000005	45.144999999999996
USF1	70.58500000000001	126.815	150.085	170.20499999999998	199.76	191.17	198.7	167.71	43.485
USF2	14.43	22.335	23.475	21.36	21.92	24.174999999999997	23.57	19.509999999999998	79.86
USHBP1	1.9649999999999999	2.005	1.9100000000000001	2.08	1.92	2.94	2.955	2.4050000000000002	1.095
USP1	63.69	128.535	112.065	89.97	55.900000000000006	46.254999999999995	46.785	28.490000000000002	18.735
USP10	137.515	163.35500000000002	138.145	119.63499999999999	90.105	118.81	116.72	82.15	28.26
USP11	28.745	57.015	62.06	60.735	59.435	71.11500000000001	69.285	47.405	37.055
USP12	7.47	9.34	14.91	10.254999999999999	8.535	13.04	11.684999999999999	12.745000000000001	24.759999999999998
USP13	3.59	6.475	4.7	6.515	5.37	7.295	7.23	8.165	6.640000000000001
USP14	87.16499999999999	132.565	129.515	127.535	145.99	138.925	156.495	139.43	155.87
USP15	30.72	41.2	39.045	34.995000000000005	41.230000000000004	41.435	50.8	31.57	30.385
USP16	21.990000000000002	35.144999999999996	38.655	41.365	40.055	41.125	41.67	37.7	39.7
USP17LA	0.0	0.0	0.01	0.0	0.0	0.0	0.0	0.0	0.0
USP17LB	0.0	0.0	0.0	0.0	0.0	0.0	0.0	0.0	0.0
USP17LC	0.0	0.0	0.015	0.0	0.0	0.0	0.0	0.015	0.0
USP17LD	0.0	0.0	0.0	0.02	0.0	0.025	0.0	0.0	0.0
USP17LE	0.0	0.0	0.0	0.0	0.0	0.0	0.0	0.0	0.0
USP18	0.185	0.84	0.77	0.575	0.685	0.61	0.96	2.3449999999999998	0.875
USP19	42.480000000000004	69.42	84.24000000000001	62.925	47.635	77.3	64.18	31.509999999999998	34.93
USP2	6.925000000000001	8.59	10.215	6.475	6.43	7.835	8.68	15.07	17.01
USP20	9.82	15.43	24.634999999999998	28.91	18.59	32.47	26.759999999999998	23.575	14.97
USP21	51.71	89.07	100.765	102.685	81.845	110.45500000000001	99.7	62.575	19.400000000000002
USP22	96.375	211.885	261.95	238.79000000000002	342.835	352.865	405.315	318.94	55.095
USP24	4.404999999999999	10.469999999999999	10.465	6.18	6.9	7.395	7.140000000000001	5.085	13.41
USP25	10.125	20.36	17.64	9.920000000000002	9.245	9.07	9.445	4.35	14.129999999999999
USP26	0.0	0.0	0.0	0.005	0.005	0.0	0.015	0.0	0.0
USP27X	0.395	0.435	1.145	1.2000000000000002	0.635	1.49	0.8899999999999999	1.9949999999999999	5.175
USP28	19.615000000000002	25.619999999999997	25.57	19.185000000000002	14.43	15.46	17.195	5.970000000000001	9.76
USP29	0.155	1.02	2.25	2.665	4.635	2.71	3.9450000000000003	2.585	12.86
USP3	52.13	73.075	97.435	104.07	105.82499999999999	86.795	97.315	45.555	17.32
USP30	6.685	10.25	12.545000000000002	12.395	13.12	14.595	14.645	13.02	10.685
USP31	1.475	3.835	3.71	2.505	3.295	2.925	3.49	1.5699999999999998	20.805
USP32	2.1500000000000004	6.525	6.72	7.005	11.19	7.83	10.085	5.635	47.16
USP33	24.085	44.144999999999996	55.535	52.465	72.24	67.565	81.28	55.545	77.42500000000001
USP34	13.05	25.41	26.3	23.755000000000003	35.735	26.495	34.04	18.345	59.755
USP35	0.675	2.2350000000000003	2.62	2.385	3.4	4.25	3.36	2.75	4.5
USP36	12.835	13.375	15.05	12.805	6.640000000000001	14.08	10.3	6.85	6.505000000000001
USP37	28.91	41.275	38.015	30.86	27.1	27.005	31.544999999999998	12.52	7.824999999999999
USP38	12.93	25.615000000000002	26.075000000000003	17.17	22.41	18.515	21.985	14.795	11.985
USP39	49.394999999999996	88.32	62.14	52.575	62.655	43.89	52.85	34.705	17.095
USP4	72.3	107.27000000000001	117.155	115.545	117.795	116.5	123.04	88.33500000000001	40.61
USP40	18.955	28.564999999999998	32.75	25.92	14.545	22.155	18.419999999999998	5.53	8.365
USP42	16.025	28.725	27.89	24.365000000000002	21.455	25.285	24.095	11.765	6.085
USP43	0.41000000000000003	0.9849999999999999	0.5900000000000001	0.32	0.74	1.7149999999999999	2.115	3.7199999999999998	0.7949999999999999
USP44	4.38	4.07	3.7	1.42	0.36	0.31	0.255	0.05	0.0
USP45	6.555	10.17	10.64	7.575	7.67	6.355	8.005	3.655	24.905
USP46	19.240000000000002	27.15	28.295	19.77	28.625	22.97	30.695	28.16	50.565
USP47	45.870000000000005	84.57	90.06	64.795	71.465	70.71000000000001	81.905	39.385000000000005	25.97
USP48	39.86	67.56	70.335	60.44	50.065	66.11500000000001	63.43	35.915	54.019999999999996
USP49	2.985	5.995	9.48	8.735	5.165	8.885	6.045	3.24	3.22
USP5	116.78	145.305	173.56	158.82999999999998	138.56	163.55	160.365	154.785	62.825
USP50	183.08499999999998	218.85500000000002	202.06	245.77999999999997	229.72	194.64	192.82	202.29000000000002	27.15
USP51	4.22	5.77	3.43	2.9050000000000002	2.435	2.0	1.71	1.47	0.645
USP53	2.05	2.7649999999999997	3.2	2.66	4.1	2.585	4.27	4.365	7.785
USP54	9.125	17.005000000000003	14.665	7.8149999999999995	8.98	8.055	9.765	3.4099999999999997	20.265
USP7	17.975	36.95	33.905	30.0	35.739999999999995	29.035	31.68	14.21	71.68
VDR	0.315	0.195	0.28	0.05	0.095	0.07	0.095	0.035	0.12
VSX2	0.925	0.005	0.18	0.02	0.05	0.04	0.07500000000000001	0.06	0.13
WRAP53	26.61	33.42	28.520000000000003	28.085	22.9	22.240000000000002	22.14	13.67	4.515
WRAP73	26.61	38.745000000000005	44.22	50.425	56.445	49.865	53.115	34.05	10.705
WT1	0.09	0.105	0.165	0.03	0.035	0.05	0.09	0.18	0.08
WT1OS	0.0	0.0	0.03	0.02	0.0	0.02	0.0	0.025	0.0
XBP1	52.635	93.59	83.65	77.225	113.25999999999999	109.03	123.555	87.88499999999999	58.0
ZBTB6	3.45	6.585	10.3	12.030000000000001	9.27	15.58	14.765	8.625	11.510000000000002
ZEB1	19.085	32.485	41.849999999999994	40.74	26.955	32.105000000000004	33.425000000000004	22.63	24.85
ZFHX3	5.845000000000001	18.355	25.34	18.35	11.315000000000001	12.54	10.24	5.665	1.08
ZFP42	0.025	0.02	0.0	0.0	0.025	0.0	0.02	0.0	0.0
ZFP420	4.63	9.09	9.43	11.645	15.835	15.35	19.145	10.465	15.105
ZFP422	166.06	281.945	271.85	244.575	223.325	182.79	210.235	97.41999999999999	18.96
ZFP423	13.55	33.760000000000005	28.799999999999997	18.52	22.46	15.495000000000001	16.655	12.02	5.15
ZFP426	14.32	25.39	25.22	27.035	34.18	26.509999999999998	32.57	17.16	26.07
ZFP428	61.0	88.435	145.55	180.625	161.34	249.34	200.66500000000002	227.91	15.22
ZFP429	1.545	2.435	2.2249999999999996	2.165	2.785	2.41	2.985	0.86	2.87
ZFP53	6.25	8.175	7.885	9.42	9.385	9.7	11.34	8.735	5.53
ZFP532	18.835	46.565	49.685	37.739999999999995	34.935	42.085	41.89	16.59	20.42
ZFP534	0.01	0.01	0.0	0.0	0.0	0.0	0.0	0.0	0.0
ZFP536	16.575000000000003	29.855	39.955	33.075	19.785	29.285	23.05	10.48	7.25
ZFP57	43.43	108.12	161.505	185.36	198.18	278.25	264.665	111.435	7.63
ZFP572	0.01	0.025	0.1	0.195	0.05	0.045	0.03	0.05500000000000001	0.0
ZFP574	17.17	21.235	23.310000000000002	21.055	14.29	22.57	20.09	19.75	3.89
ZFP575	0.775	1.85	2.745	4.065	4.155	9.66	7.01	18.815	1.93
ZFP579	15.22	46.905	46.480000000000004	44.635000000000005	38.22	49.435	47.21	33.695	7.175
ZFP637	51.155	95.145	108.295	155.74	207.96499999999997	181.035	198.41	125.33	32.980000000000004
ZFP638	22.560000000000002	47.5	52.45	42.715	54.875	43.585	57.629999999999995	23.674999999999997	42.335
ZFP639	24.990000000000002	41.42	37.09	34.065	39.6	31.740000000000002	38.230000000000004	36.325	42.58
ZFP735	0.0	0.0	0.045	0.0	0.0	0.0	0.0	0.0	0.0
ZFP738	4.445	10.205	9.805	9.625	12.115	12.04	12.71	5.72	20.189999999999998
ZFX	15.105	22.87	27.995	25.52	26.58	22.82	29.849999999999998	12.955	11.745000000000001
ZIC1	4.13	12.035	11.655	10.735	12.285	8.055	8.235	5.67	14.315000000000001
ZIC2	3.885	8.594999999999999	11.965	9.219999999999999	7.1850000000000005	7.34	6.015000000000001	11.05	4.7
ZIC3	13.54	27.225	25.119999999999997	19.43	16.689999999999998	11.785	13.17	10.025	3.17
ZNRF1	13.065	53.31	60.025	40.0	50.285	83.455	57.06	90.96000000000001	48.185
